{"accuracy": [0.2877364456653595, 0.2733238935470581, 0.33354780077934265, 0.6447046995162964, 0.8022133708000183, 0.8496975898742676], "loss": [1.4497612714767456, 1.3850898742675781, 1.3208801746368408, 0.8428053855895996, 0.5365244746208191, 0.41191014647483826], "val_accuracy": [0.30416882038116455, 0.30262482166290283, 0.5254760384559631, 0.7509006857872009, 0.8054555058479309, 0.8368502259254456], "val_loss": [1.3837664127349854, 1.3670413494110107, 1.0573889017105103, 0.6548803448677063, 0.49103260040283203, 0.43643510341644287]}